reference,doi,crossref_status,crossref_title,crossref_journal,crossref_year,crossref_volume,crossref_issue,crossref_pages_or_article,crossref_authors,citation_title_match,crossref_type
1,10.1158/1541-7786.MCR-21-0053,verified,High Response Rate and Durability Driven by HLA Genetic Diversity in Patients with Kidney Cancer Treated with Lenvatinib and Pembrolizumab,Molecular Cancer Research,2021,19,9,1510-1521,"Lee, Chung-Han; DiNatale, Renzo G.; Chowell, Diego; Krishna, Chirag; Makarov, Vladimir; Valero, Cristina; Vuong, Lynda; Lee, Mark; Weiss, Kate; Hoen, Doug; Morris, Luc; Reznik, Ed; Murray, Samuel; Kotecha, Ritesh; Voss, Martin H.; Carlo, Maria I.; Feldman, Darren; Sachdev, Pallavi; Adachi, Yusuke; Minoshima, Yukinori; Matsui, Junji; Funahashi, Yasuhiro; Nomoto, Kenichi; Hakimi, A. Ari; Motzer, Robert J.; Chan, Timothy A.",True,journal-article
2,10.1056/NEJMoa2035716,verified,Lenvatinib plus Pembrolizumab or Everolimus for Advanced Renal Cell Carcinoma,New England Journal of Medicine,2021,384,14,1289-1300,"Motzer, Robert; Alekseev, Boris; Rha, Sun-Young; Porta, Camillo; Eto, Masatoshi; Powles, Thomas; Grünwald, Viktor; Hutson, Thomas E.; Kopyltsov, Evgeny; Méndez-Vidal, María J.; Kozlov, Vadim; Alyasova, Anna; Hong, Sung-Hoo; Kapoor, Anil; Alonso Gordoa, Teresa; Merchan, Jaime R.; Winquist, Eric; Maroto, Pablo; Goh, Jeffrey C.; Kim, Miso; Gurney, Howard; Patel, Vijay; Peer, Avivit; Procopio, Giuseppe; Takagi, Toshio; Melichar, Bohuslav; Rolland, Frederic; De Giorgi, Ugo; Wong, Shirley; Bedke, Jens; Schmidinger, Manuela; Dutcus, Corina E.; Smith, Alan D.; Dutta, Lea; Mody, Kalgi; Perini, Rodolfo F.; Xing, Dongyuan; Choueiri, Toni K.",True,journal-article
3,10.1016/j.annonc.2024.05.537,verified,"Renal cell carcinoma: ESMO Clinical Practice Guideline for diagnosis, treatment and follow-up",Annals of Oncology,2024,35,8,692-706,"Powles, T.; Albiges, L.; Bex, A.; Comperat, E.; Grünwald, V.; Kanesvaran, R.; Kitamura, H.; McKay, R.; Porta, C.; Procopio, G.; Schmidinger, M.; Suarez, C.; Teoh, J.; de Velasco, G.; Young, M.; Gillessen, S.",True,journal-article
4,10.1038/s41591-020-0839-y,verified,Interplay of somatic alterations and immune infiltration modulates response to PD-1 blockade in advanced clear cell renal cell carcinoma,Nature Medicine,2020,26,6,909-918,"Braun, David A.; Hou, Yue; Bakouny, Ziad; Ficial, Miriam; Sant’ Angelo, Miriam; Forman, Juliet; Ross-Macdonald, Petra; Berger, Ashton C.; Jegede, Opeyemi A.; Elagina, Liudmilla; Steinharter, John; Sun, Maxine; Wind-Rotolo, Megan; Pignon, Jean-Christophe; Cherniack, Andrew D.; Lichtenstein, Lee; Neuberg, Donna; Catalano, Paul; Freeman, Gordon J.; Sharpe, Arlene H.; McDermott, David F.; Van Allen, Eliezer M.; Signoretti, Sabina; Wu, Catherine J.; Shukla, Sachet A.; Choueiri, Toni K.",True,journal-article
5,10.1126/science.aan5951,verified,Genomic correlates of response to immune checkpoint therapies in clear cell renal cell carcinoma,Science,2018,359,6377,801-806,"Miao, Diana; Margolis, Claire A.; Gao, Wenhua; Voss, Martin H.; Li, Wei; Martini, Dylan J.; Norton, Craig; Bossé, Dominick; Wankowicz, Stephanie M.; Cullen, Dana; Horak, Christine; Wind-Rotolo, Megan; Tracy, Adam; Giannakis, Marios; Hodi, Frank Stephen; Drake, Charles G.; Ball, Mark W.; Allaf, Mohamad E.; Snyder, Alexandra; Hellmann, Matthew D.; Ho, Thai; Motzer, Robert J.; Signoretti, Sabina; Kaelin, William G.; Choueiri, Toni K.; Van Allen, Eliezer M.",True,journal-article
6,10.1038/s41591-018-0053-3,verified,Clinical activity and molecular correlates of response to atezolizumab alone or in combination with bevacizumab versus sunitinib in renal cell carcinoma,Nature Medicine,2018,24,6,749-757,"McDermott, David F.; Huseni, Mahrukh A.; Atkins, Michael B.; Motzer, Robert J.; Rini, Brian I.; Escudier, Bernard; Fong, Lawrence; Joseph, Richard W.; Pal, Sumanta K.; Reeves, James A.; Sznol, Mario; Hainsworth, John; Rathmell, W. Kimryn; Stadler, Walter M.; Hutson, Thomas; Gore, Martin E.; Ravaud, Alain; Bracarda, Sergio; Suárez, Cristina; Danielli, Riccardo; Gruenwald, Viktor; Choueiri, Toni K.; Nickles, Dorothee; Jhunjhunwala, Suchit; Piault-Louis, Elisabeth; Thobhani, Alpa; Qiu, Jiaheng; Chen, Daniel S.; Hegde, Priti S.; Schiff, Christina; Fine, Gregg D.; Powles, Thomas",True,journal-article
7,10.1158/2159-8290.CD-23-0680,verified,Integrative Analyses of Tumor and Peripheral Biomarkers in the Treatment of Advanced Renal Cell Carcinoma,Cancer Discovery,2024,14,3,406-423,"Choueiri, Toni K.; Donahue, Amber C.; Braun, David A.; Rini, Brian I.; Powles, Thomas; Haanen, John B.A.G.; Larkin, James; Mu, Xinmeng Jasmine; Pu, Jie; Teresi, Rosemary E.; di Pietro, Alessandra; Robbins, Paul B.; Motzer, Robert J.",True,journal-article
8,10.1038/s43018-024-00896-w,verified,Immunogenomic determinants of exceptional response to immune checkpoint inhibition in renal cell carcinoma,Nature Cancer,2025,6,2,372-384,"Jammihal, Tejas; Saliby, Renee Maria; Labaki, Chris; Soulati, Hanna; Gallegos, Juan; Peris, Arnau; McCurry, Dustin; Yu, Chunlei; Shah, Valisha; Poduval, Deepak; El Zarif, Talal; El Ahmar, Nourhan; Laimon, Yasmin Nabil; Eid, Marc; Sheshdeh, Aseman Bagheri; Krajewski, Katherine M.; Büttner, Florian A.; Schwab, Matthias; Heng, Daniel; Casellas, Rafael C.; Rai, Kunal; Zacharias Millward, Niki M.; Msaouel, Pavlos; Karam, Jose; Signoretti, Sabina; Van Allen, Eliezer; Choueiri, Toni K.; Braun, David A.; Shukla, Sachet A.",True,journal-article
9,10.4049/jimmunol.2300308,verified,Effect of HLA Genotype on Anti-PD-1 Antibody Treatment for Advanced Renal Cell Carcinoma in the SNiP-RCC Study,The Journal of Immunology,2024,213,1,23-28,"Tanegashima, Tokiyoshi; Shiota, Masaki; Fujiyama, Nobuhiro; Narita, Shintaro; Habuchi, Tomonori; Fukuchi, Genshiro; Takamatsu, Dai; Oda, Yoshinao; Miyake, Hideaki; Takahashi, Masayuki; Oya, Mototsugu; Tsuchiya, Norihiko; Masumori, Naoya; Matsuyama, Hideyasu; Obara, Wataru; Shinohara, Nobuo; Fujimoto, Kiyohide; Nozawa, Masahiro; Ohba, Kojiro; Ohyama, Chikara; Hashine, Katsuyoshi; Akamatsu, Shusuke; Kamba, Tomomi; Mita, Koji; Gotoh, Momokazu; Tatarano, Shuichi; Fujisawa, Masato; Tomita, Yoshihiko; Mukai, Shoichiro; Ito, Keiichi; Tokunaga, Shoji; Eto, Masatoshi",True,journal-article
10,10.1038/s41588-018-0312-8,verified,Tumor mutational load predicts survival after immunotherapy across multiple cancer types,Nature Genetics,2019,51,2,202-206,"Samstein, Robert M.; Lee, Chung-Han; Shoushtari, Alexander N.; Hellmann, Matthew D.; Shen, Ronglai; Janjigian, Yelena Y.; Barron, David A.; Zehir, Ahmet; Jordan, Emmet J.; Omuro, Antonio; Kaley, Thomas J.; Kendall, Sviatoslav M.; Motzer, Robert J.; Hakimi, A. Ari; Voss, Martin H.; Russo, Paul; Rosenberg, Jonathan; Iyer, Gopa; Bochner, Bernard H.; Bajorin, Dean F.; Al-Ahmadie, Hikmat A.; Chaft, Jamie E.; Rudin, Charles M.; Riely, Gregory J.; Baxi, Shrujal; Ho, Alan L.; Wong, Richard J.; Pfister, David G.; Wolchok, Jedd D.; Barker, Christopher A.; Gutin, Philip H.; Brennan, Cameron W.; Tabar, Viviane; Mellinghoff, Ingo K.; DeAngelis, Lisa M.; Ariyan, Charlotte E.; Lee, Nancy; Tap, William D.; Gounder, Mrinal M.; D’Angelo, Sandra P.; Saltz, Leonard; Stadler, Zsofia K.; Scher, Howard I.; Baselga, Jose; Razavi, Pedram; Klebanoff, Christopher A.; Yaeger, Rona; Segal, Neil H.; Ku, Geoffrey Y.; DeMatteo, Ronald P.; Ladanyi, Marc; Rizvi, Naiyer A.; Berger, Michael F.; Riaz, Nadeem; Solit, David B.; Chan, Timothy A.; Morris, Luc G. T.",True,journal-article
11,10.1126/science.aao4572,verified,Patient HLA class I genotype influences cancer response to checkpoint blockade immunotherapy,Science,2018,359,6375,582-587,"Chowell, Diego; Morris, Luc G. T.; Grigg, Claud M.; Weber, Jeffrey K.; Samstein, Robert M.; Makarov, Vladimir; Kuo, Fengshen; Kendall, Sviatoslav M.; Requena, David; Riaz, Nadeem; Greenbaum, Benjamin; Carroll, James; Garon, Edward; Hyman, David M.; Zehir, Ahmet; Solit, David; Berger, Michael; Zhou, Ruhong; Rizvi, Naiyer A.; Chan, Timothy A.",True,journal-article
12,10.1038/s41591-019-0639-4,verified,Evolutionary divergence of HLA class I genotype impacts efficacy of cancer immunotherapy,Nature Medicine,2019,25,11,1715-1720,"Chowell, Diego; Krishna, Chirag; Pierini, Federica; Makarov, Vladimir; Rizvi, Naiyer A.; Kuo, Fengshen; Morris, Luc G. T.; Riaz, Nadeem; Lenz, Tobias L.; Chan, Timothy A.",True,journal-article
13,10.1016/j.cell.2021.01.002,verified,Meta-analysis of tumor- and T cell-intrinsic mechanisms of sensitization to checkpoint inhibition,Cell,2021,184,3,596-614.e14,"Litchfield, Kevin; Reading, James L.; Puttick, Clare; Thakkar, Krupa; Abbosh, Chris; Bentham, Robert; Watkins, Thomas B.K.; Rosenthal, Rachel; Biswas, Dhruva; Rowan, Andrew; Lim, Emilia; Al Bakir, Maise; Turati, Virginia; Guerra-Assunção, José Afonso; Conde, Lucia; Furness, Andrew J.S.; Saini, Sunil Kumar; Hadrup, Sine R.; Herrero, Javier; Lee, Se-Hoon; Van Loo, Peter; Enver, Tariq; Larkin, James; Hellmann, Matthew D.; Turajlic, Samra; Quezada, Sergio A.; McGranahan, Nicholas; Swanton, Charles",True,journal-article
14,10.1038/s41587-021-01070-8,verified,Improved prediction of immune checkpoint blockade efficacy across multiple cancer types,Nature Biotechnology,2022,40,4,499-506,"Chowell, Diego; Yoo, Seong-Keun; Valero, Cristina; Pastore, Alessandro; Krishna, Chirag; Lee, Mark; Hoen, Douglas; Shi, Hongyu; Kelly, Daniel W.; Patel, Neal; Makarov, Vladimir; Ma, Xiaoxiao; Vuong, Lynda; Sabio, Erich Y.; Weiss, Kate; Kuo, Fengshen; Lenz, Tobias L.; Samstein, Robert M.; Riaz, Nadeem; Adusumilli, Prasad S.; Balachandran, Vinod P.; Plitas, George; Ari Hakimi, A.; Abdel-Wahab, Omar; Shoushtari, Alexander N.; Postow, Michael A.; Motzer, Robert J.; Ladanyi, Marc; Zehir, Ahmet; Berger, Michael F.; Gönen, Mithat; Morris, Luc G. T.; Weinhold, Nils; Chan, Timothy A.",True,journal-article
15,10.1016/j.ccell.2026.03.003,verified,"Cancer type-specific variation in patterns of driver alterations across 50,000 tumors",Cancer Cell,2026,44,5,1045-1062.e6,"Bandlamudi, Chaitanya; Muldoon, Daniel; de Bruijn, Ino; Zhang, Mingxuan; Gormally, Michael V.; Harrold, Emily C.; Nandakumar, Subhiksha; Smith, Shaleigh A.; Jeng, Mark Y.; Woods, Sydney; Arora, Kanika; Chatila, Walid K.; Nguyen, Bastien; Walch, Henry; Woo, Jun; Bielski, Craig M.; Fong, Christopher; Tran, Thinh N.; Zhao, Gaofei; Mehine, Miika; Perry, Maria A.; Tischfield, Sam E.; Richards, Allison L.; Rajendran, Suraj; Zhang, Hongxin; Kreitzer, Christoph K.; Shah, Ronak; Huq, Risha; Galle, Jesse; Alano, Tina; Madupuri, Ramyasree; Kundra, Ritika; Jee, Justin; Pichotta, Karl; Waters, Michele; Hickman, Richard A.; Dermawan, Josephine K.; Chen, Jie-Fu; Safonov, Anton; Stopsack, Konrad H.; Kotecha, Ritesh R.; Rizvi, Hira A.; Friedman, Claire F.; Razavi, Pedram; Rosen, Ezra; Murciano-Goroff, Yonina R.; Morris, Luc G.T.; Fagin, James A.; Mellinghoff, Ingo K.; Chi, Ping; Shukla, Neerav N.; Schoenfeld, Adam J.; Riely, Gregory J.; Rudin, Charles M.; Drilon, Alexander; Lee, Jake June-Koo; Al-Ahmadie, Hikmat A.; Iyer, Gopa; Varghese, Anna M.; O'Reilly, Eileen M.; Stadler, Zsofia K.; Robson, Mark E.; Reznik, Ed; Gao, JianJiong; Mandelker, Diana; Ostrovnaya, Irina; Rana, Satshil; Jayakumaran, Gowtham; Bowman, Anita; Mohanty, Abhinita; Balakrishnan, Anoop Rema; Syed, Aijazuddin; Ptashkin, Ryan N.; Casanova-Murphy, Jacklyn; Chakravarty, Debyani; Benayed, Ryma; Arcila, Maria E.; Chandarlapaty, Sarat; Yu, Helena A.; Rosen, Neal; Donoghue, Mark T.A.; Klebanoff, Christopher A.; Yaeger, Rona; Brannon, A. Rose; Zehir, Ahmet; Ladanyi, Marc; Schultz, Nikolaus; Solit, David B.; Berger, Michael F.",True,journal-article
16,10.1016/j.cels.2020.06.010,verified,MHCflurry 2.0: Improved Pan-Allele Prediction of MHC Class I-Presented Peptides by Incorporating Antigen Processing,Cell Systems,2020,11,1,42-48.e7,"O’Donnell, Timothy J.; Rubinsteyn, Alex; Laserson, Uri",True,journal-article
17,10.1186/s13073-020-00731-8,verified,Integrative -omics and HLA-ligandomics analysis to identify novel drug targets for ccRCC immunotherapy,Genome Medicine,2020,12,1,32,"Reustle, Anna; Di Marco, Moreno; Meyerhoff, Carolin; Nelde, Annika; Walz, Juliane S.; Winter, Stefan; Kandabarau, Siahei; Büttner, Florian; Haag, Mathias; Backert, Linus; Kowalewski, Daniel J.; Rausch, Steffen; Hennenlotter, Jörg; Stühler, Viktoria; Scharpf, Marcus; Fend, Falko; Stenzl, Arnulf; Rammensee, Hans-Georg; Bedke, Jens; Stevanović, Stefan; Schwab, Matthias; Schaeffeler, Elke",True,journal-article
18,10.1038/s41591-024-02978-9,verified,A spatial architecture-embedding HLA signature to predict clinical response to immunotherapy in renal cell carcinoma,Nature Medicine,2024,30,6,1667-1679,"Kinget, Lisa; Naulaerts, Stefan; Govaerts, Jannes; Vanmeerbeek, Isaure; Sprooten, Jenny; Laureano, Raquel S.; Dubroja, Nikolina; Shankar, Gautam; Bosisio, Francesca M.; Roussel, Eduard; Verbiest, Annelies; Finotello, Francesca; Ausserhofer, Markus; Lambrechts, Diether; Boeckx, Bram; Wozniak, Agnieszka; Boon, Louis; Kerkhofs, Johan; Zucman-Rossi, Jessica; Albersen, Maarten; Baldewijns, Marcella; Beuselinck, Benoit; Garg, Abhishek D.",True,journal-article
19,10.1038/nature12222,verified,Comprehensive molecular characterization of clear cell renal cell carcinoma,Nature,2013,499,7456,43-49,,True,journal-article
20,10.1126/science.aaa4971,verified,Neoantigens in cancer immunotherapy,Science,2015,348,6230,69-74,"Schumacher, Ton N.; Schreiber, Robert D.",True,journal-article
21,10.1038/s41586-020-1943-3,verified,The repertoire of mutational signatures in human cancer,Nature,2020,578,7793,94-101,"Alexandrov, Ludmil B.; Kim, Jaegil; Haradhvala, Nicholas J.; Huang, Mi Ni; Tian Ng, Alvin Wei; Wu, Yang; Boot, Arnoud; Covington, Kyle R.; Gordenin, Dmitry A.; Bergstrom, Erik N.; Islam, S. M. Ashiqul; Lopez-Bigas, Nuria; Klimczak, Leszek J.; McPherson, John R.; Morganella, Sandro; Sabarinathan, Radhakrishnan; Wheeler, David A.; Mustonen, Ville; ; Alexandrov, Ludmil B.; Bergstrom, Erik N.; Boot, Arnoud; Boutros, Paul; Chan, Kin; Covington, Kyle R.; Fujimoto, Akihiro; Getz, Gad; Gordenin, Dmitry A.; Haradhvala, Nicholas J.; Huang, Mi Ni; Islam, S. M. Ashiqul; Kazanov, Marat; Kim, Jaegil; Klimczak, Leszek J.; Lopez-Bigas, Nuria; Lawrence, Michael; Martincorena, Iñigo; McPherson, John R.; Morganella, Sandro; Mustonen, Ville; Nakagawa, Hidewaki; Tian Ng, Alvin Wei; Polak, Paz; Prokopec, Stephenie; Roberts, Steven A.; Rozen, Steven G.; Sabarinathan, Radhakrishnan; Saini, Natalie; Shibata, Tatsuhiro; Shiraishi, Yuichi; Stratton, Michael R.; Teh, Bin Tean; Vázquez-García, Ignacio; Wheeler, David A.; Wu, Yang; Yousif, Fouad; Yu, Willie; Getz, Gad; Rozen, Steven G.; Stratton, Michael R.; ; Aaltonen, Lauri A.; Abascal, Federico; Abeshouse, Adam; Aburatani, Hiroyuki; Adams, David J.; Agrawal, Nishant; Ahn, Keun Soo; Ahn, Sung-Min; Aikata, Hiroshi; Akbani, Rehan; Akdemir, Kadir C.; Al-Ahmadie, Hikmat; Al-Sedairy, Sultan T.; Al-Shahrour, Fatima; Alawi, Malik; Albert, Monique; Aldape, Kenneth; Alexandrov, Ludmil B.; Ally, Adrian; Alsop, Kathryn; Alvarez, Eva G.; Amary, Fernanda; Amin, Samirkumar B.; Aminou, Brice; Ammerpohl, Ole; Anderson, Matthew J.; Ang, Yeng; Antonello, Davide; Anur, Pavana; Aparicio, Samuel; Appelbaum, Elizabeth L.; Arai, Yasuhito; Aretz, Axel; Arihiro, Koji; Ariizumi, Shun-ichi; Armenia, Joshua; Arnould, Laurent; Asa, Sylvia; Assenov, Yassen; Atwal, Gurnit; Aukema, Sietse; Auman, J. Todd; Aure, Miriam R. R.; Awadalla, Philip; Aymerich, Marta; Bader, Gary D.; Baez-Ortega, Adrian; Bailey, Matthew H.; Bailey, Peter J.; Balasundaram, Miruna; Balu, Saianand; Bandopadhayay, Pratiti; Banks, Rosamonde E.; Barbi, Stefano; Barbour, Andrew P.; Barenboim, Jonathan; Barnholtz-Sloan, Jill; Barr, Hugh; Barrera, Elisabet; Bartlett, John; Bartolome, Javier; Bassi, Claudio; Bathe, Oliver F.; Baumhoer, Daniel; Bavi, Prashant; Baylin, Stephen B.; Bazant, Wojciech; Beardsmore, Duncan; Beck, Timothy A.; Behjati, Sam; Behren, Andreas; Niu, Beifang; Bell, Cindy; Beltran, Sergi; Benz, Christopher; Berchuck, Andrew; Bergmann, Anke K.; Bergstrom, Erik N.; Berman, Benjamin P.; Berney, Daniel M.; Bernhart, Stephan H.; Beroukhim, Rameen; Berrios, Mario; Bersani, Samantha; Bertl, Johanna; Betancourt, Miguel; Bhandari, Vinayak; Bhosle, Shriram G.; Biankin, Andrew V.; Bieg, Matthias; Bigner, Darell; Binder, Hans; Birney, Ewan; Birrer, Michael; Biswas, Nidhan K.; Bjerkehagen, Bodil; Bodenheimer, Tom; Boice, Lori; Bonizzato, Giada; De Bono, Johann S.; Boot, Arnoud; Bootwalla, Moiz S.; Borg, Ake; Borkhardt, Arndt; Boroevich, Keith A.; Borozan, Ivan; Borst, Christoph; Bosenberg, Marcus; Bosio, Mattia; Boultwood, Jacqueline; Bourque, Guillaume; Boutros, Paul C.; Bova, G. Steven; Bowen, David T.; Bowlby, Reanne; Bowtell, David D. L.; Boyault, Sandrine; Boyce, Rich; Boyd, Jeffrey; Brazma, Alvis; Brennan, Paul; Brewer, Daniel S.; Brinkman, Arie B.; Bristow, Robert G.; Broaddus, Russell R.; Brock, Jane E.; Brock, Malcolm; Broeks, Annegien; Brooks, Angela N.; Brooks, Denise; Brors, Benedikt; Brunak, Søren; Bruxner, Timothy J. C.; Bruzos, Alicia L.; Buchanan, Alex; Buchhalter, Ivo; Buchholz, Christiane; Bullman, Susan; Burke, Hazel; Burkhardt, Birgit; Burns, Kathleen H.; Busanovich, John; Bustamante, Carlos D.; Butler, Adam P.; Butte, Atul J.; Byrne, Niall J.; Børresen-Dale, Anne-Lise; Caesar-Johnson, Samantha J.; Cafferkey, Andy; Cahill, Declan; Calabrese, Claudia; Caldas, Carlos; Calvo, Fabien; Camacho, Niedzica; Campbell, Peter J.; Campo, Elias; Cantù, Cinzia; Cao, Shaolong; Carey, Thomas E.; Carlevaro-Fita, Joana; Carlsen, Rebecca; Cataldo, Ivana; Cazzola, Mario; Cebon, Jonathan; Cerfolio, Robert; Chadwick, Dianne E.; Chakravarty, Dimple; Chalmers, Don; Chan, Calvin Wing Yiu; Chan, Kin; Chan-Seng-Yue, Michelle; Chandan, Vishal S.; Chang, David K.; Chanock, Stephen J.; Chantrill, Lorraine A.; Chateigner, Aurélien; Chatterjee, Nilanjan; Chayama, Kazuaki; Chen, Hsiao-Wei; Chen, Jieming; Chen, Ken; Chen, Yiwen; Chen, Zhaohong; Cherniack, Andrew D.; Chien, Jeremy; Chiew, Yoke-Eng; Chin, Suet-Feung; Cho, Juok; Cho, Sunghoon; Choi, Jung Kyoon; Choi, Wan; Chomienne, Christine; Chong, Zechen; Choo, Su Pin; Chou, Angela; Christ, Angelika N.; Christie, Elizabeth L.; Chuah, Eric; Cibulskis, Carrie; Cibulskis, Kristian; Cingarlini, Sara; Clapham, Peter; Claviez, Alexander; Cleary, Sean; Cloonan, Nicole; Cmero, Marek; Collins, Colin C.; Connor, Ashton A.; Cooke, Susanna L.; Cooper, Colin S.; Cope, Leslie; Corbo, Vincenzo; Cordes, Matthew G.; Cordner, Stephen M.; Cortés-Ciriano, Isidro; Covington, Kyle; Cowin, Prue A.; Craft, Brian; Craft, David; Creighton, Chad J.; Cun, Yupeng; Curley, Erin; Cutcutache, Ioana; Czajka, Karolina; Czerniak, Bogdan; Dagg, Rebecca A.; Danilova, Ludmila; Davi, Maria Vittoria; Davidson, Natalie R.; Davies, Helen; Davis, Ian J.; Davis-Dusenbery, Brandi N.; Dawson, Kevin J.; De La Vega, Francisco M.; De Paoli-Iseppi, Ricardo; Defreitas, Timothy; Tos, Angelo P. Dei; Delaneau, Olivier; Demchok, John A.; Demeulemeester, Jonas; Demidov, German M.; Demircioğlu, Deniz; Dennis, Nening M.; Denroche, Robert E.; Dentro, Stefan C.; Desai, Nikita; Deshpande, Vikram; Deshwar, Amit G.; Desmedt, Christine; Deu-Pons, Jordi; Dhalla, Noreen; Dhani, Neesha C.; Dhingra, Priyanka; Dhir, Rajiv; DiBiase, Anthony; Diamanti, Klev; Ding, Li; Ding, Shuai; Dinh, Huy Q.; Dirix, Luc; Doddapaneni, HarshaVardhan; Donmez, Nilgun; Dow, Michelle T.; Drapkin, Ronny; Drechsel, Oliver; Drews, Ruben M.; Serge, Serge; Dudderidge, Tim; Dueso-Barroso, Ana; Dunford, Andrew J.; Dunn, Michael; Dursi, Lewis Jonathan; Duthie, Fraser R.; Dutton-Regester, Ken; Eagles, Jenna; Easton, Douglas F.; Edmonds, Stuart; Edwards, Paul A.; Edwards, Sandra E.; Eeles, Rosalind A.; Ehinger, Anna; Eils, Juergen; Eils, Roland; El-Naggar, Adel; Eldridge, Matthew; Ellrott, Kyle; Erkek, Serap; Escaramis, Georgia; Espiritu, Shadrielle M. G.; Estivill, Xavier; Etemadmoghadam, Dariush; Eyfjord, Jorunn E.; Faltas, Bishoy M.; Fan, Daiming; Fan, Yu; Faquin, William C.; Farcas, Claudiu; Fassan, Matteo; Fatima, Aquila; Favero, Francesco; Fayzullaev, Nodirjon; Felau, Ina; Fereday, Sian; Ferguson, Martin L.; Ferretti, Vincent; Feuerbach, Lars; Field, Matthew A.; Fink, J. Lynn; Finocchiaro, Gaetano; Fisher, Cyril; Fittall, Matthew W.; Fitzgerald, Anna; Fitzgerald, Rebecca C.; Flanagan, Adrienne M.; Fleshner, Neil E.; Flicek, Paul; Foekens, John A.; Fong, Kwun M.; Fonseca, Nuno A.; Foster, Christopher S.; Fox, Natalie S.; Fraser, Michael; Frazer, Scott; Frenkel-Morgenstern, Milana; Friedman, William; Frigola, Joan; Fronick, Catrina C.; Fujimoto, Akihiro; Fujita, Masashi; Fukayama, Masashi; Fulton, Lucinda A.; Fulton, Robert S.; Furuta, Mayuko; Futreal, P. Andrew; Füllgrabe, Anja; Gabriel, Stacey B.; Gallinger, Steven; Gambacorti-Passerini, Carlo; Gao, Jianjiong; Gao, Shengjie; Garraway, Levi; Garred, Øystein; Garrison, Erik; Garsed, Dale W.; Gehlenborg, Nils; Gelpi, Josep L. L.; George, Joshy; Gerhard, Daniela S.; Gerhauser, Clarissa; Gershenwald, Jeffrey E.; Gerstein, Mark; Gerstung, Moritz; Getz, Gad; Ghori, Mohammed; Ghossein, Ronald; Giama, Nasra H.; Gibbs, Richard A.; Gibson, Bob; Gill, Anthony J.; Gill, Pelvender; Giri, Dilip D.; Glodzik, Dominik; Gnanapragasam, Vincent J.; Goebler, Maria Elisabeth; Goldman, Mary J.; Gomez, Carmen; Gonzalez, Santiago; Gonzalez-Perez, Abel; Gordenin, Dmitry A.; Gossage, James; Gotoh, Kunihito; Govindan, Ramaswamy; Grabau, Dorthe; Graham, Janet S.; Grant, Robert C.; Green, Anthony R.; Green, Eric; Greger, Liliana; Grehan, Nicola; Grimaldi, Sonia; Grimmond, Sean M.; Grossman, Robert L.; Grundhoff, Adam; Gundem, Gunes; Guo, Qianyun; Gupta, Manaswi; Gupta, Shailja; Gut, Ivo G.; Gut, Marta; Göke, Jonathan; Ha, Gavin; Haake, Andrea; Haan, David; Haas, Siegfried; Haase, Kerstin; Haber, James E.; Habermann, Nina; Hach, Faraz; Haider, Syed; Hama, Natsuko; Hamdy, Freddie C.; Hamilton, Anne; Hamilton, Mark P.; Han, Leng; Hanna, George B.; Hansmann, Martin; Haradhvala, Nicholas J.; Harismendy, Olivier; Harliwong, Ivon; Harmanci, Arif O.; Harrington, Eoghan; Hasegawa, Takanori; Haussler, David; Hawkins, Steve; Hayami, Shinya; Hayashi, Shuto; Hayes, D. Neil; Hayes, Stephen J.; Hayward, Nicholas K.; Hazell, Steven; He, Yao; Heath, Allison P.; Heath, Simon C.; Hedley, David; Hegde, Apurva M.; Heiman, David I.; Heinold, Michael C.; Heins, Zachary; Heisler, Lawrence E.; Hellstrom-Lindberg, Eva; Helmy, Mohamed; Heo, Seong Gu; Hepperla, Austin J.; Heredia-Genestar, José María; Herrmann, Carl; Hersey, Peter; Hess, Julian M.; Hilmarsdottir, Holmfridur; Hinton, Jonathan; Hirano, Satoshi; Hiraoka, Nobuyoshi; Hoadley, Katherine A.; Hobolth, Asger; Hodzic, Ermin; Hoell, Jessica I.; Hoffmann, Steve; Hofmann, Oliver; Holbrook, Andrea; Holik, Aliaksei Z.; Hollingsworth, Michael A.; Holmes, Oliver; Holt, Robert A.; Hong, Chen; Hong, Eun Pyo; Hong, Jongwhi H.; Hooijer, Gerrit K.; Hornshøj, Henrik; Hosoda, Fumie; Hou, Yong; Hovestadt, Volker; Howat, William; Hoyle, Alan P.; Hruban, Ralph H.; Hu, Jianhong; Hu, Taobo; Hua, Xing; Huang, Kuan-lin; Huang, Mei; Huang, Mi Ni; Huang, Vincent; Huang, Yi; Huber, Wolfgang; Hudson, Thomas J.; Hummel, Michael; Hung, Jillian A.; Huntsman, David; Hupp, Ted R.; Huse, Jason; Huska, Matthew R.; Hutter, Barbara; Hutter, Carolyn M.; Hübschmann, Daniel; Iacobuzio-Donahue, Christine A.; Imbusch, Charles David; Imielinski, Marcin; Imoto, Seiya; Isaacs, William B.; Isaev, Keren; Ishikawa, Shumpei; Iskar, Murat; Islam, S. M. Ashiqul; Ittmann, Michael; Ivkovic, Sinisa; Izarzugaza, Jose M. G.; Jacquemier, Jocelyne; Jakrot, Valerie; Jamieson, Nigel B.; Jang, Gun Ho; Jang, Se Jin; Jayaseelan, Joy C.; Jayasinghe, Reyka; Jefferys, Stuart R.; Jegalian, Karine; Jennings, Jennifer L.; Jeon, Seung-Hyup; Jerman, Lara; Ji, Yuan; Jiao, Wei; Johansson, Peter A.; Johns, Amber L.; Johns, Jeremy; Johnson, Rory; Johnson, Todd A.; Jolly, Clemency; Joly, Yann; Jonasson, Jon G.; Jones, Corbin D.; Jones, David R.; Jones, David T. W.; Jones, Nic; Jones, Steven J. M.; Jonkers, Jos; Ju, Young Seok; Juhl, Hartmut; Jung, Jongsun; Juul, Malene; Juul, Randi Istrup; Juul, Sissel; Jäger, Natalie; Kabbe, Rolf; Kahles, Andre; Kahraman, Abdullah; Kaiser, Vera B.; Kakavand, Hojabr; Kalimuthu, Sangeetha; von Kalle, Christof; Kang, Koo Jeong; Karaszi, Katalin; Karlan, Beth; Karlić, Rosa; Karsch, Dennis; Kasaian, Katayoon; Kassahn, Karin S.; Katai, Hitoshi; Kato, Mamoru; Katoh, Hiroto; Kawakami, Yoshiiku; Kay, Jonathan D.; Kazakoff, Stephen H.; Kazanov, Marat D.; Keays, Maria; Kebebew, Electron; Kefford, Richard F.; Kellis, Manolis; Kench, James G.; Kennedy, Catherine J.; Kerssemakers, Jules N. A.; Khoo, David; Khoo, Vincent; Khuntikeo, Narong; Khurana, Ekta; Kilpinen, Helena; Kim, Hark Kyun; Kim, Hyung-Lae; Kim, Hyung-Yong; Kim, Hyunghwan; Kim, Jaegil; Kim, Jihoon; Kim, Jong K.; Kim, Youngwook; King, Tari A.; Klapper, Wolfram; Kleinheinz, Kortine; Klimczak, Leszek J.; Knappskog, Stian; Kneba, Michael; Knoppers, Bartha M.; Koh, Youngil; Komorowski, Jan; Komura, Daisuke; Komura, Mitsuhiro; Kong, Gu; Kool, Marcel; Korbel, Jan O.; Korchina, Viktoriya; Korshunov, Andrey; Koscher, Michael; Koster, Roelof; Kote-Jarai, Zsofia; Koures, Antonios; Kovacevic, Milena; Kremeyer, Barbara; Kretzmer, Helene; Kreuz, Markus; Krishnamurthy, Savitri; Kube, Dieter; Kumar, Kiran; Kumar, Pardeep; Kumar, Sushant; Kumar, Yogesh; Kundra, Ritika; Kübler, Kirsten; Küppers, Ralf; Lagergren, Jesper; Lai, Phillip H.; Laird, Peter W.; Lakhani, Sunil R.; Lalansingh, Christopher M.; Lalonde, Emilie; Lamaze, Fabien C.; Lambert, Adam; Lander, Eric; Landgraf, Pablo; Landoni, Luca; Langerød, Anita; Lanzós, Andrés; Larsimont, Denis; Larsson, Erik; Lathrop, Mark; Lau, Loretta M. S.; Lawerenz, Chris; Lawlor, Rita T.; Lawrence, Michael S.; Lazar, Alexander J.; Lazic, Ana Mijalkovic; Le, Xuan; Lee, Darlene; Lee, Donghoon; Lee, Eunjung Alice; Lee, Hee Jin; Lee, Jake June-Koo; Lee, Jeong-Yeon; Lee, Juhee; Lee, Ming Ta Michael; Lee-Six, Henry; Lehmann, Kjong-Van; Lehrach, Hans; Lenze, Dido; Leonard, Conrad R.; Leongamornlert, Daniel A.; Leshchiner, Ignaty; Letourneau, Louis; Letunic, Ivica; Levine, Douglas A.; Lewis, Lora; Ley, Tim; Li, Chang; Li, Constance H.; Li, Haiyan Irene; Li, Jun; Li, Lin; Li, Shantao; Li, Siliang; Li, Xiaobo; Li, Xiaotong; Li, Xinyue; Li, Yilong; Liang, Han; Liang, Sheng-Ben; Lichter, Peter; Lin, Pei; Lin, Ziao; Linehan, W. M.; Lingjærde, Ole Christian; Liu, Dongbing; Liu, Eric Minwei; Liu, Fei-Fei Fei; Liu, Fenglin; Liu, Jia; Liu, Xingmin; Livingstone, Julie; Livitz, Dimitri; Livni, Naomi; Lochovsky, Lucas; Loeffler, Markus; Long, Georgina V.; Lopez-Guillermo, Armando; Lou, Shaoke; Louis, David N.; Lovat, Laurence B.; Lu, Yiling; Lu, Yong-Jie; Lu, Youyong; Luchini, Claudio; Lungu, Ilinca; Luo, Xuemei; Luxton, Hayley J.; Lynch, Andy G.; Lype, Lisa; López, Cristina; López-Otín, Carlos; Ma, Eric Z.; Ma, Yussanne; MacGrogan, Gaetan; MacRae, Shona; Macintyre, Geoff; Madsen, Tobias; Maejima, Kazuhiro; Mafficini, Andrea; Maglinte, Dennis T.; Maitra, Arindam; Majumder, Partha P.; Malcovati, Luca; Malikic, Salem; Malleo, Giuseppe; Mann, Graham J.; Mantovani-Löffler, Luisa; Marchal, Kathleen; Marchegiani, Giovanni; Mardis, Elaine R.; Margolin, Adam A.; Marin, Maximillian G.; Markowetz, Florian; Markowski, Julia; Marks, Jeffrey; Marques-Bonet, Tomas; Marra, Marco A.; Marsden, Luke; Martens, John W. M.; Martin, Sancha; Martin-Subero, Jose I.; Martincorena, Iñigo; Martinez-Fundichely, Alexander; Maruvka, Yosef E.; Mashl, R. Jay; Massie, Charlie E.; Matthew, Thomas J.; Matthews, Lucy; Mayer, Erik; Mayes, Simon; Mayo, Michael; Mbabaali, Faridah; McCune, Karen; McDermott, Ultan; McGillivray, Patrick D.; McLellan, Michael D.; McPherson, John D.; McPherson, John R.; McPherson, Treasa A.; Meier, Samuel R.; Meng, Alice; Meng, Shaowu; Menzies, Andrew; Merrett, Neil D.; Merson, Sue; Meyerson, Matthew; Meyerson, William; Mieczkowski, Piotr A.; Mihaiescu, George L.; Mijalkovic, Sanja; Mikkelsen, Tom; Milella, Michele; Mileshkin, Linda; Miller, Christopher A.; Miller, David K.; Miller, Jessica K.; Mills, Gordon B.; Milovanovic, Ana; Minner, Sarah; Miotto, Marco; Arnau, Gisela Mir; Mirabello, Lisa; Mitchell, Chris; Mitchell, Thomas J.; Miyano, Satoru; Miyoshi, Naoki; Mizuno, Shinichi; Molnár-Gábor, Fruzsina; Moore, Malcolm J.; Moore, Richard A.; Morganella, Sandro; Morris, Quaid D.; Morrison, Carl; Mose, Lisle E.; Moser, Catherine D.; Muiños, Ferran; Mularoni, Loris; Mungall, Andrew J.; Mungall, Karen; Musgrove, Elizabeth A.; Mustonen, Ville; Mutch, David; Muyas, Francesc; Muzny, Donna M.; Muñoz, Alfonso; Myers, Jerome; Myklebost, Ola; Möller, Peter; Nagae, Genta; Nagrial, Adnan M.; Nahal-Bose, Hardeep K.; Nakagama, Hitoshi; Nakagawa, Hidewaki; Nakamura, Hiromi; Nakamura, Toru; Nakano, Kaoru; Nandi, Tannistha; Nangalia, Jyoti; Nastic, Mia; Navarro, Arcadi; Navarro, Fabio C. P.; Neal, David E.; Nettekoven, Gerd; Newell, Felicity; Newhouse, Steven J.; Newton, Yulia; Ng, Alvin Wei Tian; Ng, Anthony; Nicholson, Jonathan; Nicol, David; Nie, Yongzhan; Nielsen, G. Petur; Nielsen, Morten Muhlig; Nik-Zainal, Serena; Noble, Michael S.; Nones, Katia; Northcott, Paul A.; Notta, Faiyaz; O’Connor, Brian D.; O’Donnell, Peter; O’Donovan, Maria; O’Meara, Sarah; O’Neill, Brian Patrick; O’Neill, J. Robert; Ocana, David; Ochoa, Angelica; Oesper, Layla; Ogden, Christopher; Ohdan, Hideki; Ohi, Kazuhiro; Ohno-Machado, Lucila; Oien, Karin A.; Ojesina, Akinyemi I.; Ojima, Hidenori; Okusaka, Takuji; Omberg, Larsson; Ong, Choon Kiat; Ossowski, Stephan; Ott, German; Ouellette, B. F. Francis; P’ng, Christine; Paczkowska, Marta; Paiella, Salvatore; Pairojkul, Chawalit; Pajic, Marina; Pan-Hammarström, Qiang; Papaemmanuil, Elli; Papatheodorou, Irene; Paramasivam, Nagarajan; Park, Ji Wan; Park, Joong-Won; Park, Keunchil; Park, Kiejung; Park, Peter J.; Parker, Joel S.; Parsons, Simon L.; Pass, Harvey; Pasternack, Danielle; Pastore, Alessandro; Patch, Ann-Marie; Pauporté, Iris; Pea, Antonio; Pearson, John V.; Pedamallu, Chandra Sekhar; Pedersen, Jakob Skou; Pederzoli, Paolo; Peifer, Martin; Pennell, Nathan A.; Perou, Charles M.; Perry, Marc D.; Petersen, Gloria M.; Peto, Myron; Petrelli, Nicholas; Petryszak, Robert; Pfister, Stefan M.; Phillips, Mark; Pich, Oriol; Pickett, Hilda A.; Pihl, Todd D.; Pillay, Nischalan; Pinder, Sarah; Pinese, Mark; Pinho, Andreia V.; Pitkänen, Esa; Pivot, Xavier; Piñeiro-Yáñez, Elena; Planko, Laura; Plass, Christoph; Polak, Paz; Pons, Tirso; Popescu, Irinel; Potapova, Olga; Prasad, Aparna; Preston, Shaun R.; Prinz, Manuel; Pritchard, Antonia L.; Prokopec, Stephenie D.; Provenzano, Elena; Puente, Xose S.; Puig, Sonia; Puiggròs, Montserrat; Pulido-Tamayo, Sergio; Pupo, Gulietta M.; Purdie, Colin A.; Quinn, Michael C.; Rabionet, Raquel; Rader, Janet S.; Radlwimmer, Bernhard; Radovic, Petar; Raeder, Benjamin; Raine, Keiran M.; Ramakrishna, Manasa; Ramakrishnan, Kamna; Ramalingam, Suresh; Raphael, Benjamin J.; Rathmell, W. Kimryn; Rausch, Tobias; Reifenberger, Guido; Reimand, Jüri; Reis-Filho, Jorge; Reuter, Victor; Reyes-Salazar, Iker; Reyna, Matthew A.; Reynolds, Sheila M.; Rheinbay, Esther; Riazalhosseini, Yasser; Richardson, Andrea L.; Richter, Julia; Ringel, Matthew; Ringnér, Markus; Rino, Yasushi; Rippe, Karsten; Roach, Jeffrey; Roberts, Lewis R.; Roberts, Nicola D.; Roberts, Steven A.; Robertson, A. Gordon; Robertson, Alan J.; Rodriguez, Javier Bartolomé; Rodriguez-Martin, Bernardo; Rodríguez-González, F. Germán; Roehrl, Michael H. A.; Rohde, Marius; Rokutan, Hirofumi; Romieu, Gilles; Rooman, Ilse; Roques, Tom; Rosebrock, Daniel; Rosenberg, Mara; Rosenstiel, Philip C.; Rosenwald, Andreas; Rowe, Edward W.; Royo, Romina; Rozen, Steven G.; Rubanova, Yulia; Rubin, Mark A.; Rubio-Perez, Carlota; Rudneva, Vasilisa A.; Rusev, Borislav C.; Ruzzenente, Andrea; Rätsch, Gunnar; Sabarinathan, Radhakrishnan; Sabelnykova, Veronica Y.; Sadeghi, Sara; Sahinalp, S. Cenk; Saini, Natalie; Saito-Adachi, Mihoko; Saksena, Gordon; Salcedo, Adriana; Salgado, Roberto; Salichos, Leonidas; Sallari, Richard; Saller, Charles; Salvia, Roberto; Sam, Michelle; Samra, Jaswinder S.; Sanchez-Vega, Francisco; Sander, Chris; Sanders, Grant; Sarin, Rajiv; Sarrafi, Iman; Sasaki-Oku, Aya; Sauer, Torill; Sauter, Guido; Saw, Robyn P. M.; Scardoni, Maria; Scarlett, Christopher J.; Scarpa, Aldo; Scelo, Ghislaine; Schadendorf, Dirk; Schein, Jacqueline E.; Schilhabel, Markus B.; Schlesner, Matthias; Schlomm, Thorsten; Schmidt, Heather K.; Schramm, Sarah-Jane; Schreiber, Stefan; Schultz, Nikolaus; Schumacher, Steven E.; Schwarz, Roland F.; Scolyer, Richard A.; Scott, David; Scully, Ralph; Seethala, Raja; Segre, Ayellet V.; Selander, Iris; Semple, Colin A.; Senbabaoglu, Yasin; Sengupta, Subhajit; Sereni, Elisabetta; Serra, Stefano; Sgroi, Dennis C.; Shackleton, Mark; Shah, Nimish C.; Shahabi, Sagedeh; Shang, Catherine A.; Shang, Ping; Shapira, Ofer; Shelton, Troy; Shen, Ciyue; Shen, Hui; Shepherd, Rebecca; Shi, Ruian; Shi, Yan; Shiah, Yu-Jia; Shibata, Tatsuhiro; Shih, Juliann; Shimizu, Eigo; Shimizu, Kiyo; Shin, Seung Jun; Shiraishi, Yuichi; Shmaya, Tal; Shmulevich, Ilya; Shorser, Solomon I.; Short, Charles; Shrestha, Raunak; Shringarpure, Suyash S.; Shriver, Craig; Shuai, Shimin; Sidiropoulos, Nikos; Siebert, Reiner; Sieuwerts, Anieta M.; Sieverling, Lina; Signoretti, Sabina; Sikora, Katarzyna O.; Simbolo, Michele; Simon, Ronald; Simons, Janae V.; Simpson, Jared T.; Simpson, Peter T.; Singer, Samuel; Sinnott-Armstrong, Nasa; Sipahimalani, Payal; Skelly, Tara J.; Smid, Marcel; Smith, Jaclyn; Smith-McCune, Karen; Socci, Nicholas D.; Sofia, Heidi J.; Soloway, Matthew G.; Song, Lei; Sood, Anil K.; Sothi, Sharmila; Sotiriou, Christos; Soulette, Cameron M.; Span, Paul N.; Spellman, Paul T.; Sperandio, Nicola; Spillane, Andrew J.; Spiro, Oliver; Spring, Jonathan; Staaf, Johan; Stadler, Peter F.; Staib, Peter; Stark, Stefan G.; Stebbings, Lucy; Stefánsson, Ólafur Andri; Stegle, Oliver; Stein, Lincoln D.; Stenhouse, Alasdair; Stewart, Chip; Stilgenbauer, Stephan; Stobbe, Miranda D.; Stratton, Michael R.; Stretch, Jonathan R.; Struck, Adam J.; Stuart, Joshua M.; Stunnenberg, Henk G.; Su, Hong; Su, Xiaoping; Sun, Ren X.; Sungalee, Stephanie; Susak, Hana; Suzuki, Akihiro; Sweep, Fred; Szczepanowski, Monika; Sültmann, Holger; Yugawa, Takashi; Tam, Angela; Tamborero, David; Tan, Benita Kiat Tee; Tan, Donghui; Tan, Patrick; Tanaka, Hiroko; Taniguchi, Hirokazu; Tanskanen, Tomas J.; Tarabichi, Maxime; Tarnuzzer, Roy; Tarpey, Patrick; Taschuk, Morgan L.; Tatsuno, Kenji; Tavaré, Simon; Taylor, Darrin F.; Taylor-Weiner, Amaro; Teague, Jon W.; Teh, Bin Tean; Tembe, Varsha; Temes, Javier; Thai, Kevin; Thayer, Sarah P.; Thiessen, Nina; Thomas, Gilles; Thomas, Sarah; Thompson, Alan; Thompson, Alastair M.; Thompson, John F. F.; Thompson, R. Houston; Thorne, Heather; Thorne, Leigh B.; Thorogood, Adrian; Tiao, Grace; Tijanic, Nebojsa; Timms, Lee E.; Tirabosco, Roberto; Tojo, Marta; Tommasi, Stefania; Toon, Christopher W.; Toprak, Umut H.; Torrents, David; Tortora, Giampaolo; Tost, Jörg; Totoki, Yasushi; Townend, David; Traficante, Nadia; Treilleux, Isabelle; Trotta, Jean-Rémi; Trümper, Lorenz H. P.; Tsao, Ming; Tsunoda, Tatsuhiko; Tubio, Jose M. C.; Tucker, Olga; Turkington, Richard; Turner, Daniel J.; Tutt, Andrew; Ueno, Masaki; Ueno, Naoto T.; Umbricht, Christopher; Umer, Husen M.; Underwood, Timothy J.; Urban, Lara; Urushidate, Tomoko; Ushiku, Tetsuo; Uusküla-Reimand, Liis; Valencia, Alfonso; Van Den Berg, David J.; Van Laere, Steven; Van Loo, Peter; Van Meir, Erwin G.; Van den Eynden, Gert G.; Van der Kwast, Theodorus; Vasudev, Naveen; Vazquez, Miguel; Vedururu, Ravikiran; Veluvolu, Umadevi; Vembu, Shankar; Verbeke, Lieven P. C.; Vermeulen, Peter; Verrill, Clare; Viari, Alain; Vicente, David; Vicentini, Caterina; VijayRaghavan, K.; Viksna, Juris; Vilain, Ricardo E.; Villasante, Izar; Vincent-Salomon, Anne; Visakorpi, Tapio; Voet, Douglas; Vyas, Paresh; Vázquez-García, Ignacio; Waddell, Nick M.; Waddell, Nicola; Wadelius, Claes; Wadi, Lina; Wagener, Rabea; Wala, Jeremiah A.; Wang, Jian; Wang, Jiayin; Wang, Linghua; Wang, Qi; Wang, Wenyi; Wang, Yumeng; Wang, Zhining; Waring, Paul M.; Warnatz, Hans-Jörg; Warrell, Jonathan; Warren, Anne Y.; Waszak, Sebastian M.; Wedge, David C.; Weichenhan, Dieter; Weinberger, Paul; Weinstein, John N.; Weischenfeldt, Joachim; Weisenberger, Daniel J.; Welch, Ian; Wendl, Michael C.; Werner, Johannes; Whalley, Justin P.; Wheeler, David A.; Whitaker, Hayley C.; Wigle, Dennis; Wilkerson, Matthew D.; Williams, Ashley; Wilmott, James S.; Wilson, Gavin W.; Wilson, Julie M.; Wilson, Richard K.; Winterhoff, Boris; Wintersinger, Jeffrey A.; Wiznerowicz, Maciej; Wolf, Stephan; Wong, Bernice H.; Wong, Tina; Wong, Winghing; Woo, Youngchoon; Wood, Scott; Wouters, Bradly G.; Wright, Adam J.; Wright, Derek W.; Wright, Mark H.; Wu, Chin-Lee; Wu, Dai-Ying; Wu, Guanming; Wu, Jianmin; Wu, Kui; Wu, Yang; Wu, Zhenggang; Xi, Liu; Xia, Tian; Xiang, Qian; Xiao, Xiao; Xing, Rui; Xiong, Heng; Xu, Qinying; Xu, Yanxun; Xue, Hong; Yachida, Shinichi; Yakneen, Sergei; Yamaguchi, Rui; Yamaguchi, Takafumi N.; Yamamoto, Masakazu; Yamamoto, Shogo; Yamaue, Hiroki; Yang, Fan; Yang, Huanming; Yang, Jean Y.; Yang, Liming; Yang, Lixing; Yang, Shanlin; Yang, Tsun-Po; Yang, Yang; Yao, Xiaotong; Yaspo, Marie-Laure; Yates, Lucy; Yau, Christina; Ye, Chen; Ye, Kai; Yellapantula, Venkata D.; Yoon, Christopher J.; Yoon, Sung-Soo; Yousif, Fouad; Yu, Jun; Yu, Kaixian; Yu, Willie; Yu, Yingyan; Yuan, Ke; Yuan, Yuan; Yuen, Denis; Yung, Christina K.; Zaikova, Olga; Zamora, Jorge; Zapatka, Marc; Zenklusen, Jean C.; Zenz, Thorsten; Zeps, Nikolajs; Zhang, Cheng-Zhong; Zhang, Fan; Zhang, Hailei; Zhang, Hongwei; Zhang, Hongxin; Zhang, Jiashan; Zhang, Jing; Zhang, Junjun; Zhang, Xiuqing; Zhang, Xuanping; Zhang, Yan; Zhang, Zemin; Zhao, Zhongming; Zheng, Liangtao; Zheng, Xiuqing; Zhou, Wanding; Zhou, Yong; Zhu, Bin; Zhu, Hongtu; Zhu, Jingchun; Zhu, Shida; Zou, Lihua; Zou, Xueqing; deFazio, Anna; van As, Nicholas; van Deurzen, Carolien H. M.; van de Vijver, Marc J.; van’t Veer, L.; von Mering, Christian",True,journal-article
22,10.1056/NEJMoa1816714,verified,Pembrolizumab plus Axitinib versus Sunitinib for Advanced Renal-Cell Carcinoma,New England Journal of Medicine,2019,380,12,1116-1127,"Rini, Brian I.; Plimack, Elizabeth R.; Stus, Viktor; Gafanov, Rustem; Hawkins, Robert; Nosov, Dmitry; Pouliot, Frédéric; Alekseev, Boris; Soulières, Denis; Melichar, Bohuslav; Vynnychenko, Ihor; Kryzhanivska, Anna; Bondarenko, Igor; Azevedo, Sergio J.; Borchiellini, Delphine; Szczylik, Cezary; Markus, Maurice; McDermott, Raymond S.; Bedke, Jens; Tartas, Sophie; Chang, Yen-Hwa; Tamada, Satoshi; Shou, Qiong; Perini, Rodolfo F.; Chen, Mei; Atkins, Michael B.; Powles, Thomas",True,journal-article
23,10.1056/NEJMoa1712126,verified,Nivolumab plus Ipilimumab versus Sunitinib in Advanced Renal-Cell Carcinoma,New England Journal of Medicine,2018,378,14,1277-1290,"Motzer, Robert J.; Tannir, Nizar M.; McDermott, David F.; Arén Frontera, Osvaldo; Melichar, Bohuslav; Choueiri, Toni K.; Plimack, Elizabeth R.; Barthélémy, Philippe; Porta, Camillo; George, Saby; Powles, Thomas; Donskov, Frede; Neiman, Victoria; Kollmannsberger, Christian K.; Salman, Pamela; Gurney, Howard; Hawkins, Robert; Ravaud, Alain; Grimm, Marc-Oliver; Bracarda, Sergio; Barrios, Carlos H.; Tomita, Yoshihiko; Castellano, Daniel; Rini, Brian I.; Chen, Allen C.; Mekan, Sabeen; McHenry, M. Brent; Wind-Rotolo, Megan; Doan, Justin; Sharma, Padmanee; Hammers, Hans J.; Escudier, Bernard",True,journal-article
